Age,Sex,Job,Housing,Saving accounts,Checking account,Credit amount,Duration,Purpose,Risk
67,male,skilled,own,none,little,1169,6,radio/TV,1
22,female,skilled,own,little,moderate,5951,48,radio/TV,0
49,male,unskilled and resident,own,little,none,2096,12,education,1
45,male,skilled,free,little,little,7882,42,furniture/equipment,1
53,male,skilled,free,little,little,4870,24,car,0
35,male,unskilled and resident,free,none,none,9055,36,education,1
53,male,skilled,own,quite rich,none,2835,24,furniture/equipment,1
35,male,highly skilled,rent,little,moderate,6948,36,car,1
61,male,unskilled and resident,own,rich,none,3059,12,radio/TV,1
28,male,highly skilled,own,little,moderate,5234,30,car,0
25,female,skilled,rent,little,moderate,1295,12,car,0
24,female,skilled,rent,little,little,4308,48,business,0
22,female,skilled,own,little,moderate,1567,12,radio/TV,1
60,male,unskilled and resident,own,little,little,1199,24,car,0
28,female,skilled,rent,little,little,1403,15,car,1
32,female,unskilled and resident,own,moderate,little,1282,24,radio/TV,0
53,male,skilled,own,none,none,2424,24,radio/TV,1
25,male,skilled,own,none,little,8072,30,business,1
44,female,highly skilled,free,little,moderate,12579,24,car,0
31,male,skilled,own,quite rich,none,3430,24,radio/TV,1
48,male,skilled,own,little,none,2134,9,car,1
44,male,skilled,rent,quite rich,little,2647,6,radio/TV,1
48,male,unskilled and resident,rent,little,little,2241,10,car,1
44,male,skilled,own,moderate,moderate,1804,12,car,1
26,male,skilled,own,none,none,2069,10,furniture/equipment,1
36,male,unskilled and resident,own,little,little,1374,6,furniture/equipment,1
39,male,unskilled and resident,own,little,none,426,6,radio/TV,1
42,female,skilled,rent,rich,rich,409,12,radio/TV,1
34,male,skilled,own,little,moderate,2415,7,radio/TV,1
63,male,skilled,own,little,little,6836,60,business,0
36,male,skilled,own,rich,moderate,1913,18,business,1
27,male,skilled,own,little,little,4020,24,furniture/equipment,1
30,male,skilled,own,moderate,moderate,5866,18,car,1
57,male,unskilled and resident,rent,none,none,1264,12,business,1
33,female,highly skilled,own,little,rich,1474,12,furniture/equipment,1
25,male,unskilled and resident,own,little,moderate,4746,45,radio/TV,0
31,male,skilled,free,little,none,6110,48,education,1
37,male,skilled,own,little,rich,2100,18,radio/TV,0
37,male,skilled,own,little,rich,1225,10,domestic appliances,1
24,male,skilled,own,little,moderate,458,9,radio/TV,1
30,male,highly skilled,own,quite rich,none,2333,30,radio/TV,1
26,male,skilled,own,quite rich,moderate,1158,12,radio/TV,1
44,male,unskilled and resident,own,little,moderate,6204,18,repairs,1
24,male,skilled,rent,moderate,little,6187,30,car,1
58,female,unskilled and resident,free,little,little,6143,48,car,0
35,female,highly skilled,own,little,none,1393,11,car,1
39,male,skilled,own,quite rich,none,2299,36,radio/TV,1
23,female,unskilled and non-resident,rent,quite rich,little,1352,6,car,1
39,male,unskilled and resident,own,little,none,7228,11,car,1
28,female,skilled,own,moderate,none,2073,12,radio/TV,1
29,male,unskilled and resident,own,none,moderate,2333,24,furniture/equipment,1
30,male,highly skilled,own,little,moderate,5965,27,car,1
25,male,skilled,own,little,none,1262,12,radio/TV,1
31,male,skilled,own,none,none,3378,18,car,1
57,male,skilled,free,little,moderate,2225,36,car,0
26,male,unskilled and resident,own,none,none,783,6,car,1
52,male,highly skilled,own,none,moderate,6468,12,radio/TV,0
31,female,skilled,own,little,none,9566,36,radio/TV,1
23,female,highly skilled,own,little,rich,1961,18,car,1
23,female,unskilled and resident,rent,little,little,6229,36,furniture/equipment,0
27,male,skilled,own,little,moderate,1391,9,business,1
50,male,skilled,own,none,moderate,1537,15,radio/TV,1
61,male,highly skilled,free,little,moderate,1953,36,business,0
25,male,skilled,own,little,moderate,14421,48,business,0
26,female,skilled,own,little,none,3181,24,radio/TV,1
48,male,skilled,own,none,none,5190,27,repairs,1
29,female,skilled,own,little,none,2171,12,radio/TV,1
22,male,skilled,own,rich,moderate,1007,12,car,1
37,male,skilled,free,little,none,1819,36,education,0
25,female,skilled,own,none,none,2394,36,radio/TV,1
30,female,skilled,own,little,none,8133,36,car,1
46,male,unskilled and resident,rent,none,none,730,7,radio/TV,1
51,male,highly skilled,free,little,little,1164,8,vacation/others,1
41,female,unskilled and resident,own,little,moderate,5954,42,business,1
40,male,highly skilled,own,none,little,1977,36,education,0
66,male,highly skilled,free,little,little,1526,12,car,1
34,male,skilled,own,little,little,3965,42,radio/TV,0
51,male,skilled,own,little,moderate,4771,11,radio/TV,1
39,male,unskilled and resident,own,none,none,9436,54,car,1
22,male,skilled,own,little,moderate,3832,30,furniture/equipment,1
44,female,skilled,own,none,none,5943,24,radio/TV,0
47,male,skilled,own,quite rich,none,1213,15,radio/TV,1
24,female,unskilled and resident,rent,moderate,none,1568,18,business,1
58,female,unskilled and resident,own,little,little,1755,24,vacation/others,1
52,male,unskilled and resident,own,little,little,2315,10,radio/TV,1
29,female,highly skilled,own,little,none,1412,12,business,1
27,female,skilled,own,little,moderate,1295,18,furniture/equipment,1
47,male,skilled,free,moderate,moderate,12612,36,education,0
30,male,highly skilled,own,moderate,little,2249,18,car,1
28,male,skilled,own,little,little,1108,12,repairs,0
56,male,skilled,own,little,none,618,12,radio/TV,1
54,male,skilled,own,little,little,1409,12,car,1
33,female,unskilled and resident,own,none,none,797,12,radio/TV,0
20,male,skilled,rent,none,rich,3617,24,furniture/equipment,1
54,male,skilled,own,rich,moderate,1318,12,car,1
58,male,skilled,rent,little,moderate,15945,54,business,0
61,female,skilled,own,none,none,2012,12,education,1
34,male,skilled,own,moderate,moderate,2622,18,business,1
36,male,skilled,own,little,moderate,2337,36,radio/TV,1
36,male,highly skilled,rent,none,moderate,7057,20,car,1
41,male,unskilled and resident,rent,moderate,none,1469,24,car,1
24,male,skilled,rent,little,moderate,2323,36,radio/TV,1
24,female,skilled,own,little,none,932,6,radio/TV,1
35,male,skilled,rent,little,moderate,1919,9,furniture/equipment,1
26,male,skilled,rent,none,none,2445,12,car,1
39,male,highly skilled,own,little,moderate,11938,24,vacation/others,0
39,male,highly skilled,own,little,none,6458,18,car,0
32,male,skilled,own,little,moderate,6078,12,car,1
30,female,skilled,own,none,little,7721,24,furniture/equipment,1
35,male,skilled,own,quite rich,moderate,1410,14,business,1
31,male,skilled,own,moderate,moderate,1449,6,business,1
23,female,skilled,rent,little,rich,392,15,education,1
28,male,unskilled and resident,rent,little,moderate,6260,18,car,1
25,female,skilled,own,little,none,7855,36,car,0
35,male,skilled,own,quite rich,little,1680,12,radio/TV,1
47,male,skilled,own,none,none,3578,48,radio/TV,1
30,female,highly skilled,own,none,little,7174,42,radio/TV,0
27,female,skilled,rent,none,little,2132,10,furniture/equipment,1
23,female,skilled,own,quite rich,little,4281,33,furniture/equipment,0
36,male,highly skilled,own,quite rich,moderate,2366,12,car,1
25,female,skilled,own,little,little,1835,21,radio/TV,0
41,female,highly skilled,rent,little,none,3868,24,car,1
24,male,unskilled and resident,rent,little,none,1768,12,furniture/equipment,1
63,male,skilled,free,little,rich,781,10,car,1
27,female,skilled,rent,none,moderate,1924,18,furniture/equipment,0
30,male,skilled,own,little,little,2121,12,car,1
40,male,unskilled and resident,own,little,little,701,12,radio/TV,1
30,male,skilled,own,little,moderate,639,12,repairs,0
34,male,highly skilled,own,little,moderate,1860,12,car,1
29,female,skilled,own,little,little,3499,12,car,0
24,female,skilled,own,none,moderate,8487,48,car,1
29,male,skilled,own,little,little,6887,36,education,0
27,male,unskilled and resident,own,little,none,2708,15,furniture/equipment,1
47,male,skilled,free,little,none,1984,18,furniture/equipment,1
21,female,skilled,own,moderate,none,10144,60,radio/TV,1
38,female,skilled,own,none,none,1240,12,radio/TV,1
27,male,skilled,own,rich,none,8613,27,car,1
66,male,unskilled and resident,own,quite rich,moderate,766,12,radio/TV,0
35,male,skilled,own,none,moderate,2728,15,radio/TV,1
44,female,unskilled and resident,rent,little,rich,1881,12,radio/TV,1
27,male,unskilled and non-resident,own,rich,rich,709,6,car,1
30,female,highly skilled,own,little,moderate,4795,36,radio/TV,1
27,male,highly skilled,own,little,little,3416,27,radio/TV,1
22,male,skilled,own,little,little,2462,18,furniture/equipment,0
23,female,skilled,own,little,none,2288,21,furniture/equipment,1
30,male,skilled,own,moderate,moderate,3566,48,business,1
39,female,skilled,own,little,little,860,6,car,1
51,female,skilled,own,moderate,none,682,12,car,1
28,male,skilled,own,little,little,5371,36,furniture/equipment,1
46,male,skilled,own,rich,none,1582,18,radio/TV,1
42,male,skilled,free,moderate,none,1346,6,radio/TV,1
38,male,skilled,own,little,none,1924,10,radio/TV,1
24,male,skilled,own,little,rich,5848,36,radio/TV,1
29,female,skilled,rent,rich,moderate,7758,24,car,1
36,male,highly skilled,rent,moderate,moderate,6967,24,business,1
20,female,skilled,rent,little,little,1282,12,furniture/equipment,0
48,male,skilled,own,moderate,little,1288,9,repairs,1
45,male,unskilled and resident,own,little,little,339,12,education,1
38,male,skilled,own,moderate,moderate,3512,24,car,1
34,male,unskilled and resident,own,none,none,1898,6,radio/TV,1
36,male,skilled,own,moderate,none,2872,24,radio/TV,1
30,female,skilled,own,little,none,1055,18,car,1
36,male,skilled,own,quite rich,none,1262,15,domestic appliances,1
70,male,highly skilled,free,little,moderate,7308,10,car,1
36,male,skilled,own,quite rich,none,909,36,car,1
32,male,skilled,own,quite rich,none,2978,6,furniture/equipment,1
33,female,skilled,own,little,little,1131,18,furniture/equipment,0
20,female,skilled,own,rich,moderate,1577,11,furniture/equipment,1
25,female,skilled,rent,little,none,3972,24,furniture/equipment,1
31,male,skilled,own,little,moderate,1935,24,business,0
33,male,skilled,rent,little,little,950,15,car,0
26,female,skilled,own,little,none,763,12,furniture/equipment,1
34,female,highly skilled,own,little,moderate,2064,24,furniture/equipment,0
33,male,skilled,own,little,moderate,1414,8,radio/TV,1
26,male,skilled,own,little,little,3414,21,education,0
53,female,highly skilled,own,none,none,7485,30,car,0
42,male,skilled,own,little,little,2577,12,furniture/equipment,1
52,male,skilled,own,quite rich,little,338,6,radio/TV,1
31,male,highly skilled,rent,little,none,1963,12,radio/TV,1
65,male,skilled,own,little,little,571,21,car,1
28,male,skilled,own,little,none,9572,36,business,0
30,male,highly skilled,own,little,moderate,4455,36,business,0
40,male,unskilled and resident,own,none,little,1647,21,car,0
50,male,skilled,own,rich,none,3777,24,furniture/equipment,1
36,male,skilled,own,little,moderate,884,18,car,0
31,male,skilled,own,little,none,1360,15,radio/TV,1
74,female,highly skilled,free,little,moderate,5129,9,car,0
68,male,unskilled and non-resident,free,little,moderate,1175,16,car,1
20,male,skilled,own,moderate,little,674,12,radio/TV,0
33,female,skilled,own,little,moderate,3244,18,furniture/equipment,1
54,male,highly skilled,own,rich,none,4591,24,business,0
34,male,unskilled and resident,free,moderate,moderate,3844,48,business,0
36,male,skilled,own,little,moderate,3915,27,business,0
29,male,skilled,rent,little,none,2108,6,radio/TV,1
21,male,skilled,rent,moderate,moderate,3031,45,radio/TV,0
34,female,highly skilled,own,little,moderate,1501,9,education,0
28,female,skilled,own,little,none,1382,6,radio/TV,1
27,female,skilled,rent,moderate,moderate,951,12,furniture/equipment,0
36,male,skilled,free,none,moderate,2760,24,car,1
40,male,highly skilled,own,little,moderate,4297,18,furniture/equipment,0
52,male,skilled,own,quite rich,none,936,9,education,1
27,male,unskilled and resident,own,little,little,1168,12,car,1
26,male,skilled,own,little,none,5117,27,business,1
21,male,skilled,rent,little,little,902,12,education,0
38,male,unskilled and resident,own,little,none,1495,12,car,1
38,male,highly skilled,free,little,little,10623,30,car,1
43,male,skilled,own,little,none,1935,12,furniture/equipment,1
26,male,skilled,own,little,moderate,1424,12,domestic appliances,1
21,male,unskilled and resident,own,little,little,6568,24,business,1
55,male,skilled,own,rich,none,1413,12,car,1
33,male,skilled,own,none,none,3074,9,radio/TV,1
45,female,unskilled and resident,own,none,none,3835,36,radio/TV,1
50,male,skilled,own,little,little,5293,27,business,0
66,male,highly skilled,own,little,rich,1908,30,business,0
51,male,skilled,own,none,none,3342,36,radio/TV,1
39,female,unskilled and resident,own,none,moderate,932,6,education,1
31,male,skilled,own,little,little,3104,18,business,1
23,male,skilled,own,little,rich,3913,36,radio/TV,1
24,male,unskilled and resident,rent,little,little,3021,24,furniture/equipment,1
64,female,skilled,own,little,none,1364,10,car,1
26,male,unskilled and resident,own,little,moderate,625,12,radio/TV,1
23,female,skilled,rent,none,little,1200,12,education,1
30,male,skilled,own,little,none,707,12,radio/TV,1
32,male,skilled,own,none,none,2978,24,business,1
30,male,skilled,own,little,none,4657,15,car,1
27,male,skilled,own,little,none,2613,36,repairs,1
27,male,skilled,own,rich,moderate,10961,48,radio/TV,0
53,male,highly skilled,free,little,little,7865,12,furniture/equipment,0
22,male,skilled,own,little,none,1478,9,radio/TV,0
22,male,skilled,free,little,little,3149,24,furniture/equipment,1
26,male,skilled,own,little,rich,4210,36,radio/TV,0
51,male,unskilled and resident,free,quite rich,none,2507,9,car,1
35,male,skilled,own,moderate,none,2141,12,radio/TV,1
25,male,unskilled and resident,own,little,moderate,866,18,radio/TV,1
42,male,unskilled and resident,own,little,none,1544,4,radio/TV,1
30,male,highly skilled,own,little,little,1823,24,radio/TV,0
23,male,unskilled and non-resident,own,none,moderate,14555,6,car,0
61,male,unskilled and resident,rent,moderate,moderate,2767,21,business,0
35,female,skilled,own,little,none,1291,12,radio/TV,1
39,male,skilled,own,little,little,2522,30,radio/TV,1
29,female,skilled,own,none,little,915,24,car,0
51,male,skilled,own,little,none,1595,6,radio/TV,1
24,male,skilled,free,little,little,4605,48,car,0
27,female,skilled,own,little,none,1185,12,business,1
35,female,unskilled and resident,own,quite rich,none,3447,12,education,1
25,male,skilled,own,little,none,1258,24,business,1
52,male,skilled,own,little,none,717,12,radio/TV,1
35,male,skilled,rent,moderate,none,1204,6,car,1
26,male,skilled,own,little,rich,1925,24,furniture/equipment,1
22,female,skilled,rent,little,none,433,18,radio/TV,0
39,female,unskilled and resident,own,rich,little,666,6,car,1
46,female,unskilled and resident,own,little,rich,2251,12,furniture/equipment,1
24,female,skilled,own,little,moderate,2150,30,car,0
35,male,skilled,own,moderate,none,4151,24,furniture/equipment,1
24,male,skilled,own,none,moderate,2030,9,furniture/equipment,1
27,male,unskilled and resident,own,none,moderate,7418,60,radio/TV,1
35,male,unskilled and resident,own,little,none,2684,24,radio/TV,1
29,male,skilled,free,little,little,2149,12,radio/TV,0
23,female,skilled,own,moderate,none,3812,15,car,1
57,female,unskilled and resident,own,moderate,none,1154,11,radio/TV,1
27,male,skilled,own,little,little,1657,12,furniture/equipment,1
55,female,skilled,own,little,little,1603,24,radio/TV,1
36,male,highly skilled,free,little,little,5302,18,car,1
57,female,unskilled and resident,free,little,none,2748,12,education,1
32,male,unskilled and resident,own,little,none,1231,10,car,1
37,male,skilled,own,little,moderate,802,15,radio/TV,0
36,male,skilled,own,none,none,6304,36,business,1
38,female,skilled,own,little,none,1533,24,radio/TV,1
45,male,highly skilled,own,little,little,8978,14,car,0
25,male,skilled,own,none,none,999,24,radio/TV,1
32,male,skilled,own,none,none,2662,18,car,1
37,female,skilled,rent,quite rich,none,1402,12,furniture/equipment,1
36,male,highly skilled,free,none,moderate,12169,48,car,1
28,male,skilled,own,little,moderate,3060,48,radio/TV,0
34,male,unskilled and resident,own,little,little,11998,30,repairs,0
32,male,skilled,own,little,none,2697,9,radio/TV,1
26,female,skilled,own,little,none,2404,18,radio/TV,1
49,male,unskilled and resident,own,none,little,1262,12,furniture/equipment,1
32,female,skilled,own,little,none,4611,6,furniture/equipment,0
29,male,highly skilled,rent,moderate,none,1901,24,radio/TV,1
23,male,skilled,rent,rich,none,3368,15,car,1
50,male,skilled,own,little,none,1574,12,furniture/equipment,1
49,male,unskilled and resident,own,none,rich,1445,18,radio/TV,1
63,male,skilled,own,none,none,1520,15,furniture/equipment,1
37,male,skilled,own,moderate,moderate,3878,24,car,1
35,female,unskilled and resident,own,little,little,10722,47,car,1
26,male,skilled,own,little,little,4788,48,car,1
31,male,highly skilled,free,moderate,moderate,7582,48,vacation/others,1
49,female,skilled,own,little,moderate,1092,12,radio/TV,1
48,male,skilled,own,little,little,1024,24,radio/TV,0
26,male,skilled,own,little,none,1076,12,business,1
28,male,highly skilled,rent,little,moderate,9398,36,car,0
44,female,highly skilled,free,little,little,6419,24,car,1
56,male,skilled,free,little,rich,4796,42,car,1
46,male,highly skilled,own,none,none,7629,48,business,1
26,female,skilled,own,little,moderate,9960,48,furniture/equipment,0
20,female,skilled,rent,none,none,4675,12,car,1
45,male,unskilled and resident,own,none,none,1287,10,car,1
43,male,skilled,own,little,none,2515,18,furniture/equipment,1
32,male,skilled,own,rich,moderate,2745,21,furniture/equipment,1
54,female,unskilled and non-resident,own,little,none,672,6,car,1
42,female,skilled,own,little,moderate,3804,36,radio/TV,0
37,male,unskilled and resident,own,none,rich,1344,24,car,0
49,male,skilled,own,little,little,1038,10,car,1
44,male,skilled,free,quite rich,none,10127,48,car,0
33,male,skilled,own,rich,none,1543,6,furniture/equipment,1
24,female,unskilled and resident,rent,none,none,4811,30,car,1
33,male,unskilled and resident,own,moderate,little,727,12,radio/TV,0
24,female,skilled,own,little,moderate,1237,8,furniture/equipment,0
22,male,unskilled and resident,rent,little,moderate,276,9,car,1
40,male,unskilled and non-resident,free,none,moderate,5381,48,vacation/others,1
25,male,skilled,own,moderate,none,5511,24,furniture/equipment,1
26,female,skilled,own,little,rich,3749,24,furniture/equipment,1
25,male,unskilled and resident,own,little,moderate,685,12,car,0
29,male,unskilled and resident,own,none,rich,1494,4,car,1
31,male,skilled,own,little,little,2746,36,furniture/equipment,0
38,male,unskilled and resident,own,little,little,708,12,furniture/equipment,1
48,female,unskilled and resident,own,none,moderate,4351,24,furniture/equipment,1
32,male,skilled,own,little,none,701,12,education,1
27,female,unskilled and resident,own,little,little,3643,15,furniture/equipment,1
28,male,highly skilled,own,little,moderate,4249,30,car,0
32,male,skilled,own,little,little,1938,24,radio/TV,0
34,male,highly skilled,free,little,little,2910,24,car,1
28,male,skilled,own,rich,little,2659,18,furniture/equipment,1
36,female,skilled,own,little,none,1028,18,car,1
39,male,unskilled and resident,own,little,little,3398,8,car,1
49,male,skilled,rent,none,none,5801,12,furniture/equipment,1
34,female,skilled,own,rich,none,1525,24,car,1
31,male,skilled,own,little,rich,4473,36,radio/TV,1
28,male,skilled,own,little,moderate,1068,6,radio/TV,1
75,male,highly skilled,free,little,little,6615,24,car,1
30,female,skilled,own,moderate,none,1864,18,education,0
24,female,highly skilled,own,moderate,moderate,7408,60,car,0
24,female,unskilled and resident,rent,moderate,none,11590,48,car,0
23,male,skilled,rent,little,little,4110,24,furniture/equipment,0
44,male,highly skilled,rent,little,little,3384,6,furniture/equipment,0
23,female,unskilled and resident,own,little,moderate,2101,13,radio/TV,1
24,female,skilled,rent,none,little,1275,15,domestic appliances,0
28,male,skilled,own,little,little,4169,24,furniture/equipment,1
31,male,unskilled and resident,own,little,moderate,1521,10,furniture/equipment,1
24,female,skilled,free,little,moderate,5743,24,education,1
26,female,unskilled and resident,rent,little,little,3599,21,furniture/equipment,1
25,male,skilled,rent,quite rich,moderate,3213,18,radio/TV,1
33,male,highly skilled,own,little,moderate,4439,18,business,1
37,male,unskilled and resident,own,little,rich,3949,10,car,1
43,female,unskilled and resident,own,little,none,1459,15,radio/TV,1
23,male,skilled,own,little,moderate,882,13,radio/TV,1
23,female,unskilled and non-resident,rent,quite rich,moderate,3758,24,radio/TV,1
34,male,unskilled and resident,own,moderate,none,1743,6,business,1
32,male,skilled,free,rich,moderate,1136,9,education,0
23,female,skilled,rent,little,none,1236,9,domestic appliances,1
29,female,skilled,own,little,moderate,959,9,furniture/equipment,0
38,male,highly skilled,own,none,none,3229,18,car,1
28,male,skilled,rent,little,little,6199,12,radio/TV,0
46,male,skilled,free,quite rich,none,727,10,education,1
23,male,unskilled and resident,own,little,moderate,1246,24,car,0
49,male,skilled,own,none,none,2331,12,radio/TV,1
26,male,highly skilled,own,little,none,4463,36,radio/TV,0
28,male,skilled,own,little,none,776,12,radio/TV,1
23,female,skilled,rent,little,little,2406,30,furniture/equipment,0
61,male,skilled,free,none,moderate,1239,18,education,1
37,male,highly skilled,own,none,rich,3399,12,radio/TV,1
36,female,skilled,own,little,rich,2247,12,car,1
21,male,skilled,rent,little,none,1766,6,furniture/equipment,1
25,male,unskilled and non-resident,own,little,little,2473,18,furniture/equipment,0
36,male,skilled,own,little,none,1542,12,business,1
27,male,skilled,own,little,none,3850,18,car,1
22,female,skilled,rent,little,little,3650,18,furniture/equipment,1
42,male,skilled,own,little,little,3446,36,furniture/equipment,0
40,female,skilled,rent,little,moderate,3001,18,furniture/equipment,1
36,male,skilled,own,none,none,3079,36,car,1
33,male,skilled,own,little,none,6070,18,radio/TV,1
23,female,skilled,rent,little,none,2146,10,furniture/equipment,1
63,male,highly skilled,free,none,none,13756,60,car,1
60,female,highly skilled,free,moderate,moderate,14782,60,vacation/others,0
37,female,skilled,rent,little,little,7685,48,business,0
34,male,skilled,own,little,none,2320,18,radio/TV,1
36,male,skilled,free,none,none,846,7,radio/TV,1
57,male,highly skilled,free,little,moderate,14318,36,car,0
52,female,unskilled and resident,own,moderate,none,362,6,car,1
39,male,skilled,own,none,little,2212,20,furniture/equipment,1
38,female,highly skilled,free,little,moderate,12976,18,car,0
25,female,skilled,rent,none,none,1283,22,car,1
26,male,skilled,own,little,rich,1330,12,car,1
26,male,unskilled and resident,own,moderate,none,4272,30,business,1
25,female,skilled,own,little,none,2238,18,radio/TV,1
21,female,skilled,rent,none,none,1126,18,radio/TV,1
40,male,highly skilled,own,little,moderate,7374,18,furniture/equipment,1
27,male,skilled,own,quite rich,moderate,2326,15,business,1
27,female,skilled,own,little,none,1449,9,business,1
30,male,highly skilled,own,little,none,1820,18,car,1
19,female,unskilled and resident,rent,rich,moderate,983,12,furniture/equipment,1
39,male,highly skilled,free,little,little,3249,36,car,1
31,female,skilled,own,little,little,1957,6,radio/TV,1
31,male,highly skilled,own,little,none,2406,9,furniture/equipment,1
32,male,skilled,rent,moderate,moderate,11760,39,education,1
55,female,highly skilled,free,little,little,2578,12,furniture/equipment,1
46,male,skilled,own,little,little,2348,36,furniture/equipment,1
46,male,skilled,rent,little,moderate,1223,12,car,0
43,female,unskilled and resident,own,rich,none,1516,24,radio/TV,1
39,male,skilled,own,little,none,1473,18,radio/TV,1
28,male,skilled,own,none,moderate,1887,18,business,1
27,male,skilled,own,little,none,8648,24,business,0
27,male,unskilled and resident,own,little,none,802,14,car,1
43,male,skilled,own,none,moderate,2899,18,car,1
22,male,skilled,own,little,moderate,2039,24,radio/TV,0
43,male,skilled,own,none,none,2197,24,car,1
27,male,skilled,own,little,little,1053,15,radio/TV,1
26,male,highly skilled,own,quite rich,none,3235,24,radio/TV,1
28,male,skilled,own,quite rich,rich,939,12,car,0
20,female,skilled,own,little,moderate,1967,24,radio/TV,1
35,male,highly skilled,own,little,none,7253,33,car,1
42,male,highly skilled,own,little,none,2292,12,business,0
40,male,unskilled and resident,rent,quite rich,none,1597,10,car,1
35,female,skilled,own,none,little,1381,24,car,0
35,male,skilled,own,little,none,5842,36,car,1
33,male,unskilled and resident,own,little,little,2579,12,car,0
23,female,skilled,rent,none,little,8471,18,education,1
31,female,highly skilled,own,quite rich,none,2782,21,car,1
33,female,skilled,own,none,moderate,1042,18,car,0
20,female,skilled,rent,rich,none,3186,15,car,1
30,male,skilled,own,none,moderate,2028,12,car,1
47,male,unskilled and resident,own,little,moderate,958,12,car,1
34,male,highly skilled,own,moderate,none,1591,21,furniture/equipment,1
25,female,skilled,own,none,moderate,2762,12,furniture/equipment,0
21,male,skilled,rent,little,moderate,2779,18,car,1
29,male,skilled,own,little,none,2743,28,radio/TV,1
46,male,skilled,own,rich,none,1149,18,radio/TV,1
20,male,skilled,own,little,none,1313,9,furniture/equipment,1
55,female,unskilled and non-resident,free,little,little,1190,18,repairs,0
74,male,unskilled and resident,own,little,none,3448,5,business,1
29,male,highly skilled,own,little,moderate,11328,24,vacation/others,0
36,male,highly skilled,free,little,little,1872,6,furniture/equipment,1
33,male,skilled,own,little,none,2058,24,repairs,1
25,male,skilled,own,little,little,2136,9,furniture/equipment,1
25,male,skilled,own,none,moderate,1484,12,radio/TV,0
23,male,unskilled and resident,rent,quite rich,none,660,6,repairs,1
37,female,skilled,own,rich,none,1287,24,car,1
65,male,unskilled and non-resident,own,little,little,3394,42,repairs,1
26,female,unskilled and non-resident,own,little,rich,609,12,business,0
39,male,highly skilled,own,little,none,1884,12,car,1
30,female,skilled,own,little,little,1620,12,furniture/equipment,1
29,male,skilled,own,little,moderate,2629,20,vacation/others,1
41,male,unskilled and resident,own,little,none,719,12,education,0
30,female,highly skilled,own,little,moderate,5096,48,furniture/equipment,0
41,female,unskilled and resident,rent,none,none,1244,9,education,1
34,female,skilled,own,little,little,1842,36,car,0
35,male,skilled,own,little,moderate,2576,7,radio/TV,1
55,female,highly skilled,own,none,rich,1424,12,furniture/equipment,1
61,male,skilled,own,rich,moderate,1512,15,repairs,0
30,male,highly skilled,own,none,none,11054,36,car,1
29,female,skilled,own,little,none,518,6,radio/TV,1
34,male,skilled,own,little,none,2759,12,furniture/equipment,1
35,male,highly skilled,own,little,none,2670,24,car,1
31,male,skilled,own,little,little,4817,24,car,0
29,female,highly skilled,own,little,none,2679,24,car,1
36,male,skilled,rent,little,little,3905,11,car,1
35,male,skilled,free,little,little,3386,12,car,0
27,female,skilled,own,little,little,343,6,domestic appliances,1
32,male,skilled,own,little,none,4594,18,radio/TV,1
37,male,skilled,own,little,little,3620,36,furniture/equipment,1
36,male,skilled,own,little,little,1721,15,car,1
34,female,highly skilled,rent,little,moderate,3017,12,furniture/equipment,1
38,male,skilled,own,none,moderate,754,12,education,1
34,male,skilled,own,little,none,1950,18,business,1
63,male,skilled,own,little,little,2924,24,car,1
29,female,unskilled and resident,rent,little,little,1659,24,radio/TV,0
32,male,skilled,own,none,none,7238,48,radio/TV,1
26,female,skilled,own,little,none,2764,33,business,1
35,male,unskilled and resident,own,little,none,4679,24,car,1
22,male,skilled,rent,moderate,moderate,3092,24,radio/TV,0
23,female,skilled,own,little,little,448,6,education,0
28,male,unskilled and resident,own,little,little,654,9,car,0
36,male,highly skilled,own,none,none,1238,6,education,1
33,male,skilled,own,little,moderate,1245,18,radio/TV,0
26,female,skilled,rent,little,little,3114,18,furniture/equipment,0
24,male,skilled,own,quite rich,none,2569,39,car,1
25,male,skilled,own,little,rich,5152,24,radio/TV,1
39,male,unskilled and resident,own,moderate,moderate,1037,12,business,1
44,male,skilled,own,little,little,1478,15,furniture/equipment,1
23,female,unskilled and resident,own,little,moderate,3573,12,radio/TV,1
26,male,skilled,own,little,moderate,1201,24,car,1
57,female,skilled,rent,rich,little,3622,30,furniture/equipment,1
30,female,skilled,own,rich,none,960,15,furniture/equipment,1
44,male,skilled,own,quite rich,none,1163,12,car,1
47,male,highly skilled,own,little,moderate,1209,6,car,0
52,male,skilled,own,little,none,3077,12,radio/TV,1
62,female,skilled,free,little,none,3757,24,car,1
35,male,unskilled and resident,rent,moderate,none,1418,10,car,1
26,male,skilled,rent,little,none,3518,6,car,1
26,male,skilled,own,little,none,1934,12,radio/TV,1
42,female,highly skilled,free,little,moderate,8318,27,business,0
27,female,skilled,own,moderate,none,1237,6,radio/TV,1
38,male,skilled,own,none,moderate,368,6,radio/TV,1
39,male,unskilled and resident,rent,little,little,2122,12,car,1
20,male,skilled,own,none,little,2996,24,furniture/equipment,0
29,male,highly skilled,rent,moderate,moderate,9034,36,furniture/equipment,0
40,male,skilled,own,little,none,1585,24,furniture/equipment,1
32,male,unskilled and resident,own,little,moderate,1301,18,radio/TV,1
28,male,skilled,own,moderate,rich,1323,6,car,1
27,female,skilled,own,little,little,3123,24,car,0
42,male,skilled,free,little,little,5493,36,car,1
49,male,skilled,own,moderate,rich,1126,9,radio/TV,1
38,male,skilled,own,moderate,moderate,1216,24,radio/TV,0
24,female,skilled,rent,little,little,1207,24,car,0
27,male,unskilled and resident,own,none,none,1309,10,car,0
36,male,skilled,own,quite rich,rich,2360,15,car,1
34,male,highly skilled,own,moderate,moderate,6850,15,car,0
28,male,skilled,own,little,none,1413,24,radio/TV,1
45,male,highly skilled,own,moderate,none,8588,39,car,1
26,male,skilled,own,little,little,759,12,car,0
32,male,highly skilled,free,little,none,4686,36,car,1
26,male,skilled,rent,little,rich,2687,15,business,1
20,male,skilled,rent,little,moderate,585,12,radio/TV,1
54,male,skilled,own,none,none,2255,24,car,1
37,female,skilled,own,little,little,609,6,car,1
40,male,unskilled and resident,own,little,little,1361,6,car,1
23,female,skilled,rent,little,none,7127,36,furniture/equipment,0
43,male,skilled,own,moderate,little,1203,6,car,1
36,male,skilled,free,none,none,700,6,radio/TV,1
44,male,skilled,free,little,none,5507,24,repairs,1
24,female,skilled,own,little,little,3190,18,radio/TV,0
53,male,skilled,free,little,little,7119,48,furniture/equipment,0
23,female,skilled,own,moderate,none,3488,24,car,1
26,female,unskilled and resident,own,little,moderate,1113,18,radio/TV,1
30,male,skilled,own,little,moderate,7966,26,car,1
31,female,skilled,own,moderate,none,1532,15,education,1
42,male,unskilled and resident,own,little,none,1503,4,radio/TV,1
31,male,skilled,rent,little,little,2302,36,radio/TV,0
41,male,unskilled and resident,own,little,little,662,6,car,1
32,male,skilled,own,little,moderate,2273,36,education,1
28,female,skilled,rent,moderate,moderate,2631,15,car,0
41,male,skilled,rent,little,none,1503,12,car,1
26,male,skilled,own,moderate,none,1311,24,radio/TV,1
25,male,skilled,own,none,none,3105,24,radio/TV,1
33,male,skilled,rent,little,rich,2319,21,education,0
75,female,highly skilled,own,none,little,1374,6,car,1
37,female,skilled,own,little,moderate,3612,18,furniture/equipment,1
42,male,highly skilled,free,little,little,7763,48,car,0
45,female,unskilled and resident,own,little,rich,3049,18,furniture/equipment,1
23,male,skilled,rent,little,moderate,1534,12,radio/TV,0
60,male,skilled,free,little,none,2032,24,car,1
31,male,skilled,own,none,little,6350,30,furniture/equipment,0
34,male,unskilled and resident,own,little,rich,2864,18,furniture/equipment,0
61,male,unskilled and resident,own,little,none,1255,12,car,1
43,male,skilled,free,little,little,1333,24,car,0
37,female,skilled,own,little,none,2022,24,car,1
32,male,skilled,own,little,none,1552,24,radio/TV,1
24,female,unskilled and resident,own,little,little,626,12,radio/TV,0
35,male,skilled,free,none,none,8858,48,car,1
23,female,skilled,own,none,none,996,12,repairs,1
45,male,unskilled and resident,own,quite rich,none,1750,6,radio/TV,1
34,male,skilled,own,little,little,6999,48,radio/TV,0
27,male,skilled,own,moderate,moderate,1995,12,car,1
67,female,highly skilled,own,little,moderate,1199,9,education,1
22,male,skilled,own,little,moderate,1331,12,radio/TV,0
28,female,skilled,own,moderate,moderate,2278,18,car,0
29,female,skilled,own,none,none,5003,21,car,0
27,male,skilled,own,little,little,3552,24,furniture/equipment,0
31,male,unskilled and resident,own,little,moderate,1928,18,furniture/equipment,0
49,male,skilled,free,none,little,2964,24,car,1
24,male,unskilled and resident,rent,little,little,1546,24,radio/TV,0
29,female,skilled,own,little,rich,683,6,radio/TV,1
37,male,skilled,free,none,moderate,12389,36,car,0
37,male,highly skilled,own,none,moderate,4712,24,business,1
23,female,skilled,rent,moderate,moderate,1553,24,radio/TV,1
36,male,skilled,own,little,little,1372,12,car,0
34,male,skilled,own,rich,none,2578,24,radio/TV,1
41,male,skilled,own,none,moderate,3979,48,radio/TV,1
31,female,skilled,own,little,little,6758,48,radio/TV,0
23,female,unskilled and resident,rent,little,little,3234,24,furniture/equipment,0
38,male,skilled,own,little,none,5954,30,radio/TV,1
26,female,highly skilled,rent,none,none,5433,24,car,1
22,female,unskilled and resident,own,little,little,806,15,business,1
27,male,unskilled and resident,own,little,moderate,1082,9,radio/TV,1
24,female,skilled,own,little,none,2788,15,furniture/equipment,1
27,female,skilled,own,little,moderate,2930,12,radio/TV,1
33,female,skilled,own,none,none,1927,24,education,1
27,male,skilled,own,little,moderate,2820,36,car,0
27,male,unskilled and resident,own,little,none,937,24,education,1
30,male,skilled,own,little,moderate,1056,18,car,0
49,male,unskilled and resident,own,little,moderate,3124,12,car,1
26,female,skilled,rent,little,none,1388,9,furniture/equipment,1
33,male,unskilled and resident,rent,little,moderate,2384,36,repairs,0
52,female,highly skilled,free,none,none,2133,12,car,1
20,female,skilled,rent,little,little,2039,18,furniture/equipment,0
36,male,skilled,rent,little,little,2799,9,car,1
21,male,unskilled and resident,own,little,little,1289,12,furniture/equipment,1
47,male,unskilled and resident,own,little,little,1217,18,domestic appliances,0
60,male,skilled,own,little,little,2246,12,furniture/equipment,0
58,female,unskilled and resident,own,little,little,385,12,radio/TV,1
42,female,skilled,rent,none,moderate,1965,24,car,1
36,female,unskilled and resident,own,rich,none,1572,21,business,1
20,female,unskilled and resident,rent,little,moderate,2718,24,car,0
40,male,highly skilled,own,none,little,1358,24,vacation/others,0
32,female,unskilled and resident,own,moderate,moderate,931,6,car,0
23,female,skilled,rent,little,little,1442,24,car,0
36,male,unskilled and resident,own,little,moderate,4241,24,business,0
31,male,skilled,own,little,none,2775,18,car,0
32,male,skilled,free,little,none,3863,24,business,1
45,female,skilled,own,little,moderate,2329,7,radio/TV,1
30,female,skilled,own,little,moderate,918,9,furniture/equipment,0
34,female,unskilled and resident,free,little,moderate,1837,24,education,0
28,female,highly skilled,own,little,none,3349,36,furniture/equipment,0
23,female,skilled,own,little,rich,1275,10,furniture/equipment,1
22,male,skilled,own,quite rich,little,2828,24,furniture/equipment,1
74,male,highly skilled,own,little,none,4526,24,business,1
50,female,skilled,free,moderate,moderate,2671,36,radio/TV,0
33,male,skilled,own,little,none,2051,18,radio/TV,1
45,male,skilled,free,none,none,1300,15,car,1
22,female,skilled,own,moderate,little,741,12,domestic appliances,0
48,female,unskilled and resident,free,moderate,rich,1240,10,car,0
29,female,skilled,own,rich,little,3357,21,radio/TV,1
22,female,skilled,rent,little,little,3632,24,car,1
22,female,skilled,own,little,none,1808,18,furniture/equipment,0
48,male,highly skilled,own,none,moderate,12204,48,business,1
27,male,highly skilled,free,none,moderate,9157,60,radio/TV,1
37,male,skilled,rent,little,little,3676,6,car,1
21,female,skilled,rent,moderate,moderate,3441,30,furniture/equipment,0
49,male,unskilled and resident,own,little,none,640,12,car,1
27,male,skilled,own,little,moderate,3652,21,business,1
32,male,skilled,own,little,none,1530,18,car,0
38,male,skilled,own,none,none,3914,48,business,0
22,female,skilled,rent,little,little,1858,12,furniture/equipment,1
65,male,skilled,free,little,little,2600,18,radio/TV,0
35,male,skilled,own,none,none,1979,15,radio/TV,1
41,male,skilled,own,little,rich,2116,6,furniture/equipment,1
29,male,skilled,own,moderate,moderate,1437,9,car,0
36,male,skilled,own,quite rich,none,4042,42,furniture/equipment,1
64,male,unskilled and resident,own,none,none,3832,9,education,1
28,female,skilled,own,little,little,3660,24,radio/TV,1
44,male,skilled,own,little,little,1553,18,furniture/equipment,0
23,male,skilled,own,none,moderate,1444,15,radio/TV,1
19,female,skilled,rent,little,none,1980,9,furniture/equipment,0
25,female,unskilled and resident,own,little,moderate,1355,24,car,0
47,male,skilled,own,little,none,1393,12,education,1
28,female,skilled,own,quite rich,none,1376,24,radio/TV,1
21,male,skilled,own,little,none,15653,60,radio/TV,1
34,female,skilled,own,little,none,1493,12,radio/TV,1
26,male,skilled,own,little,little,4370,42,radio/TV,0
27,female,unskilled and non-resident,own,little,little,750,18,education,0
38,male,unskilled and resident,own,little,moderate,1308,15,repairs,1
40,male,highly skilled,own,moderate,none,4623,15,education,0
33,male,skilled,own,little,none,1851,24,radio/TV,1
32,male,highly skilled,own,little,little,1880,18,radio/TV,1
27,male,skilled,rent,none,none,7980,36,business,0
32,male,skilled,own,little,little,4583,30,furniture/equipment,1
26,female,skilled,own,quite rich,none,1386,12,car,0
38,male,skilled,free,little,rich,947,24,car,0
40,male,unskilled and resident,rent,little,little,684,12,education,0
50,male,highly skilled,free,little,little,7476,48,education,1
37,male,unskilled and resident,own,little,moderate,1922,12,furniture/equipment,0
45,male,skilled,own,little,little,2303,24,car,0
42,male,highly skilled,own,moderate,moderate,8086,36,car,0
35,male,skilled,own,little,none,2346,24,car,1
22,male,skilled,free,little,little,3973,14,car,1
41,male,unskilled and resident,own,little,moderate,888,12,car,0
37,male,skilled,own,none,none,10222,48,radio/TV,1
28,female,skilled,own,little,moderate,4221,30,business,1
41,male,skilled,own,little,moderate,6361,18,furniture/equipment,1
23,male,skilled,rent,little,rich,1297,12,radio/TV,1
23,male,skilled,own,none,little,900,12,car,0
50,male,skilled,own,little,none,2241,21,furniture/equipment,1
35,male,highly skilled,own,little,moderate,1050,6,furniture/equipment,1
50,female,unskilled and resident,own,little,rich,1047,6,education,1
27,male,highly skilled,own,little,none,6314,24,vacation/others,1
34,male,skilled,own,rich,moderate,3496,30,furniture/equipment,1
27,female,skilled,own,little,none,3609,48,business,1
43,male,skilled,rent,little,little,4843,12,car,0
47,male,skilled,own,little,rich,3017,30,radio/TV,1
27,male,unskilled and resident,own,moderate,none,4139,24,business,1
31,male,skilled,own,moderate,none,5742,36,business,1
42,male,highly skilled,own,little,none,10366,60,car,1
24,male,skilled,own,quite rich,none,2080,6,car,1
41,male,unskilled and resident,own,quite rich,none,2580,21,business,0
26,female,highly skilled,rent,little,none,4530,30,radio/TV,1
33,male,skilled,own,little,none,5150,24,furniture/equipment,1
24,male,skilled,own,moderate,moderate,5595,72,radio/TV,0
64,male,unskilled and resident,rent,little,little,2384,24,radio/TV,1
26,female,skilled,own,little,none,1453,18,radio/TV,1
56,female,skilled,own,little,none,1538,6,education,1
37,male,skilled,free,none,none,2279,12,radio/TV,1
33,male,skilled,own,little,none,1478,15,radio/TV,1
47,male,skilled,free,little,none,5103,24,radio/TV,1
31,male,unskilled and resident,own,moderate,moderate,9857,36,business,1
34,male,skilled,free,none,none,6527,60,car,1
27,male,skilled,own,none,rich,1347,10,radio/TV,1
30,male,skilled,free,moderate,moderate,2862,36,car,1
35,male,skilled,own,moderate,none,2753,9,radio/TV,1
31,male,skilled,own,rich,little,3651,12,car,1
25,male,skilled,own,little,little,975,15,furniture/equipment,1
25,female,unskilled and resident,own,moderate,moderate,2631,15,repairs,1
29,male,skilled,own,moderate,moderate,2896,24,radio/TV,1
44,male,unskilled and resident,own,none,little,4716,6,car,1
28,male,skilled,own,little,none,2284,24,radio/TV,1
50,male,skilled,rent,quite rich,none,1236,6,car,1
29,male,skilled,own,little,moderate,1103,12,radio/TV,1
38,female,unskilled and non-resident,own,little,none,926,12,car,1
24,male,skilled,own,little,none,1800,18,radio/TV,1
40,male,highly skilled,rent,little,rich,1905,15,education,1
29,female,unskilled and resident,rent,quite rich,none,1123,12,furniture/equipment,0
46,male,skilled,free,little,little,6331,48,car,0
47,female,skilled,free,moderate,rich,1377,24,radio/TV,1
41,male,skilled,own,moderate,moderate,2503,30,business,1
32,female,skilled,own,little,moderate,2528,27,business,1
35,female,skilled,free,quite rich,none,5324,15,car,1
24,male,skilled,own,moderate,moderate,6560,48,car,0
25,female,skilled,rent,little,moderate,2969,12,furniture/equipment,0
25,female,skilled,own,little,moderate,1206,9,radio/TV,1
37,male,unskilled and resident,own,little,moderate,2118,9,radio/TV,1
32,male,highly skilled,own,quite rich,none,629,18,radio/TV,1
35,female,skilled,free,little,little,1198,6,education,0
46,male,highly skilled,own,none,none,2476,21,car,1
25,male,unskilled and resident,own,little,little,1138,9,radio/TV,1
27,male,highly skilled,own,little,moderate,14027,60,car,0
63,male,skilled,own,none,none,7596,30,car,1
40,male,skilled,own,none,none,3077,30,radio/TV,1
32,male,highly skilled,free,little,none,1505,18,radio/TV,1
31,male,skilled,own,none,rich,3148,24,radio/TV,1
31,male,skilled,own,moderate,moderate,6148,20,car,1
34,male,highly skilled,own,little,rich,1337,9,radio/TV,0
24,female,skilled,rent,rich,moderate,433,6,education,0
24,female,unskilled and resident,own,little,little,1228,12,car,0
66,female,unskilled and resident,own,quite rich,moderate,790,9,radio/TV,1
21,female,skilled,rent,little,none,2570,27,car,0
41,female,unskilled and resident,own,rich,none,250,6,car,1
47,male,unskilled and resident,own,quite rich,none,1316,15,radio/TV,1
25,female,skilled,rent,little,little,1882,18,radio/TV,0
59,female,skilled,rent,little,moderate,6416,48,business,0
36,male,skilled,own,rich,rich,1275,24,business,1
33,male,skilled,own,little,moderate,6403,24,radio/TV,1
21,male,unskilled and resident,rent,little,little,1987,24,radio/TV,0
44,female,unskilled and resident,own,little,moderate,760,8,radio/TV,1
28,female,skilled,rent,rich,none,2603,24,car,1
37,female,skilled,own,little,none,3380,4,car,1
29,female,unskilled and non-resident,own,none,moderate,3990,36,domestic appliances,1
23,female,highly skilled,rent,little,moderate,11560,24,car,0
35,male,unskilled and resident,own,moderate,little,4380,18,car,1
45,male,highly skilled,own,little,none,6761,6,car,1
26,female,unskilled and resident,rent,moderate,moderate,4280,30,business,0
32,male,skilled,own,moderate,little,2325,24,car,1
23,male,unskilled and resident,own,little,moderate,1048,10,radio/TV,1
41,male,skilled,own,none,none,3160,21,radio/TV,1
22,male,skilled,own,quite rich,little,2483,24,furniture/equipment,1
30,male,highly skilled,own,none,little,14179,39,furniture/equipment,1
28,male,unskilled and resident,own,little,little,1797,13,business,1
23,female,skilled,rent,little,little,2511,15,car,1
37,female,unskilled and resident,own,little,little,1274,12,car,0
26,male,skilled,own,none,none,5248,21,car,1
33,male,skilled,own,little,none,3029,15,car,1
49,female,skilled,own,little,little,428,6,furniture/equipment,1
23,female,unskilled and resident,own,little,little,976,18,car,0
23,female,unskilled and resident,rent,moderate,moderate,841,12,business,1
25,female,skilled,own,little,none,5771,30,radio/TV,1
55,male,skilled,free,rich,none,1555,12,repairs,0
32,female,skilled,rent,none,little,1285,24,car,0
74,male,unskilled and non-resident,own,little,rich,1299,6,car,1
39,male,skilled,free,none,rich,1271,15,radio/TV,0
31,male,skilled,own,little,none,1393,24,car,1
35,male,skilled,own,little,little,691,12,car,0
59,female,skilled,own,none,none,5045,15,car,1
24,female,skilled,rent,little,little,2124,18,furniture/equipment,0
24,male,unskilled and resident,own,little,little,2214,12,radio/TV,1
30,male,highly skilled,free,none,none,12680,21,car,0
27,male,skilled,own,moderate,none,2463,24,car,1
40,male,unskilled and resident,own,little,moderate,1155,12,radio/TV,1
31,male,unskilled and resident,own,little,little,3108,30,furniture/equipment,0
31,female,skilled,rent,none,none,2901,10,car,1
28,male,skilled,rent,little,moderate,3617,12,furniture/equipment,1
63,male,unskilled and resident,own,little,none,1655,12,radio/TV,1
26,female,skilled,rent,none,little,2812,24,car,1
25,female,highly skilled,own,little,little,8065,36,education,0
36,male,highly skilled,own,little,none,3275,21,car,1
52,male,skilled,own,moderate,none,2223,24,radio/TV,1
66,male,unskilled and non-resident,free,quite rich,rich,1480,12,car,1
25,female,skilled,rent,none,little,1371,24,car,0
37,male,skilled,own,little,none,3535,36,car,1
25,female,skilled,own,little,little,3509,18,radio/TV,1
38,male,highly skilled,own,rich,none,5711,36,car,1
67,female,skilled,own,little,moderate,3872,18,repairs,1
25,male,skilled,own,little,moderate,4933,39,radio/TV,0
60,male,skilled,own,rich,none,1940,24,car,1
31,male,unskilled and resident,own,little,moderate,1410,12,education,1
23,female,unskilled and resident,own,moderate,moderate,836,12,car,0
60,male,highly skilled,own,none,moderate,6468,20,car,1
35,male,unskilled and resident,own,rich,moderate,1941,18,business,1
40,male,skilled,own,quite rich,none,2675,22,radio/TV,1
38,male,skilled,own,none,none,2751,48,car,1
50,male,skilled,free,little,moderate,6224,48,education,0
27,male,skilled,own,little,little,5998,40,education,0
39,female,skilled,own,little,moderate,1188,21,business,0
41,male,highly skilled,own,none,none,6313,24,car,1
27,male,skilled,own,none,none,1221,6,furniture/equipment,1
51,male,skilled,free,little,rich,2892,24,furniture/equipment,1
32,male,skilled,rent,quite rich,none,3062,24,furniture/equipment,1
22,female,skilled,rent,moderate,none,2301,9,furniture/equipment,1
51,male,skilled,free,none,little,7511,18,car,0
22,female,unskilled and resident,rent,little,none,1258,12,furniture/equipment,1
54,male,skilled,own,none,none,717,24,car,1
35,male,unskilled and non-resident,own,none,moderate,1549,9,car,1
54,male,skilled,free,little,none,1597,24,education,1
48,female,unskilled and resident,rent,little,moderate,1795,18,radio/TV,1
24,female,skilled,own,little,little,4272,20,furniture/equipment,1
35,male,skilled,own,none,none,976,12,radio/TV,1
24,female,unskilled and non-resident,rent,none,moderate,7472,12,car,1
24,male,skilled,own,little,little,9271,36,car,0
26,male,unskilled and resident,own,little,moderate,590,6,radio/TV,1
65,male,skilled,own,none,none,930,12,radio/TV,1
55,male,highly skilled,free,little,moderate,9283,42,car,1
26,female,unskilled and non-resident,rent,little,moderate,1778,15,car,0
26,male,skilled,own,little,moderate,907,8,business,1
28,male,unskilled and resident,own,little,moderate,484,6,radio/TV,1
24,male,skilled,own,little,little,9629,36,car,0
54,male,skilled,own,little,little,3051,48,domestic appliances,0
46,male,skilled,free,little,little,3931,48,car,0
54,female,skilled,rent,little,moderate,7432,36,car,1
62,male,skilled,own,quite rich,none,1338,6,domestic appliances,1
24,female,skilled,rent,little,none,1554,6,radio/TV,1
43,male,highly skilled,own,little,little,15857,36,vacation/others,1
26,male,skilled,own,little,little,1345,18,radio/TV,0
27,male,skilled,own,little,none,1101,12,car,1
24,male,skilled,own,little,rich,3016,12,radio/TV,1
41,male,skilled,own,little,little,2712,36,furniture/equipment,0
47,male,unskilled and resident,own,little,little,731,8,car,1
35,male,highly skilled,own,little,none,3780,18,furniture/equipment,1
30,male,skilled,own,little,little,1602,21,car,1
33,female,skilled,rent,little,little,3966,18,car,0
36,male,skilled,own,little,none,4165,18,business,0
47,male,skilled,free,none,little,8335,36,car,0
38,male,skilled,free,none,moderate,6681,48,business,1
44,male,skilled,own,quite rich,none,2375,24,business,1
23,female,skilled,rent,little,little,1216,18,car,0
29,male,skilled,rent,little,little,11816,45,business,0
42,female,skilled,own,none,moderate,5084,24,radio/TV,1
25,female,unskilled and resident,own,little,rich,2327,15,radio/TV,0
48,male,skilled,own,little,little,1082,12,car,0
21,female,skilled,own,none,none,886,12,radio/TV,1
23,female,unskilled and resident,rent,little,none,601,4,furniture/equipment,1
63,male,skilled,own,little,little,2957,24,car,1
46,male,skilled,own,little,none,2611,24,radio/TV,1
29,male,skilled,own,little,little,5179,36,furniture/equipment,0
28,male,unskilled and resident,own,little,none,2993,21,car,1
23,female,skilled,own,little,none,1943,18,repairs,0
50,male,skilled,own,little,none,1559,24,business,1
47,male,skilled,own,little,none,3422,18,furniture/equipment,1
35,male,skilled,own,none,moderate,3976,21,furniture/equipment,1
68,male,skilled,rent,none,none,6761,18,car,0
28,male,skilled,own,little,none,1249,24,car,1
59,male,skilled,own,little,little,1364,9,radio/TV,1
57,male,unskilled and resident,own,little,little,709,12,radio/TV,0
33,male,skilled,rent,little,little,2235,20,car,0
43,male,skilled,own,none,none,4042,24,car,1
35,male,skilled,free,little,none,1471,15,radio/TV,1
32,male,unskilled and resident,free,little,little,1442,18,car,0
45,male,skilled,own,little,none,10875,36,car,1
33,male,skilled,own,moderate,none,1474,24,car,1
40,female,skilled,own,none,none,894,10,education,1
28,male,skilled,free,little,none,3343,15,furniture/equipment,1
29,female,skilled,own,little,little,3959,15,car,0
26,male,skilled,rent,moderate,none,3577,9,car,1
27,male,skilled,own,rich,none,5804,24,car,1
28,male,skilled,own,little,none,2169,18,business,0
35,female,skilled,own,little,little,2439,24,radio/TV,0
32,male,unskilled and resident,own,rich,none,4526,27,furniture/equipment,1
25,male,unskilled and resident,rent,little,none,2210,10,furniture/equipment,0
20,female,skilled,rent,quite rich,none,2221,15,furniture/equipment,1
27,female,skilled,own,little,little,2389,18,radio/TV,1
42,male,skilled,own,little,none,3331,12,furniture/equipment,1
37,male,skilled,own,none,none,7409,36,business,1
24,female,skilled,rent,little,little,652,12,furniture/equipment,1
40,female,skilled,own,quite rich,none,7678,36,furniture/equipment,1
46,male,skilled,own,little,rich,1343,6,car,1
26,male,skilled,own,moderate,little,1382,24,business,1
24,female,skilled,own,none,none,874,15,domestic appliances,1
29,male,unskilled and resident,own,little,little,3590,12,furniture/equipment,1
40,female,skilled,own,rich,moderate,1322,11,car,1
36,male,highly skilled,free,little,little,1940,18,radio/TV,1
28,male,skilled,own,little,none,3595,36,radio/TV,1
27,male,highly skilled,free,little,little,1422,9,car,0
36,male,skilled,own,none,none,6742,30,radio/TV,1
38,male,highly skilled,own,little,none,7814,24,car,1
48,male,skilled,free,none,none,9277,24,car,1
36,male,skilled,own,none,moderate,2181,30,car,1
65,female,unskilled and non-resident,own,little,none,1098,18,radio/TV,1
43,male,skilled,own,little,moderate,4057,24,furniture/equipment,0
53,female,skilled,own,little,little,795,12,education,0
34,male,skilled,own,none,moderate,2825,24,business,1
23,male,skilled,own,little,moderate,15672,48,business,0
34,male,highly skilled,own,little,none,6614,36,car,1
40,male,skilled,rent,none,none,7824,28,car,1
43,male,highly skilled,own,little,little,2442,27,business,1
46,male,skilled,own,little,none,1829,15,radio/TV,1
38,male,unskilled and resident,own,little,little,2171,12,car,1
34,male,skilled,own,little,moderate,5800,36,car,1
29,male,skilled,own,none,none,1169,18,radio/TV,1
31,male,highly skilled,own,none,none,8947,36,car,1
28,female,highly skilled,rent,little,little,2606,21,radio/TV,1
35,female,skilled,own,rich,none,1592,12,furniture/equipment,1
33,female,unskilled and resident,rent,none,none,2186,15,furniture/equipment,1
42,male,skilled,own,little,little,4153,18,furniture/equipment,0
43,male,skilled,rent,little,little,2625,16,car,0
44,male,skilled,own,none,none,3485,20,car,1
42,male,skilled,free,none,none,10477,36,car,1
40,male,skilled,rent,none,none,1386,15,radio/TV,1
36,male,highly skilled,own,little,none,1278,24,radio/TV,1
20,male,highly skilled,rent,little,little,1107,12,radio/TV,1
24,male,unskilled and resident,own,none,little,3763,21,car,1
27,male,skilled,own,none,moderate,3711,36,education,1
46,female,unskilled and resident,own,little,none,3594,15,car,1
33,female,unskilled and resident,own,none,moderate,3195,9,car,1
34,female,skilled,own,little,none,4454,36,radio/TV,1
25,female,unskilled and resident,own,little,moderate,4736,24,furniture/equipment,0
25,female,skilled,own,none,moderate,2991,30,radio/TV,1
28,male,skilled,own,rich,none,2142,11,business,1
31,male,skilled,rent,little,little,3161,24,business,0
32,female,highly skilled,own,little,moderate,18424,48,vacation/others,0
32,male,skilled,own,moderate,none,2848,10,car,1
68,male,highly skilled,own,little,little,14896,6,car,0
33,male,skilled,own,moderate,little,2359,24,furniture/equipment,0
39,male,highly skilled,rent,little,little,3345,24,furniture/equipment,0
28,female,skilled,own,little,none,1817,18,furniture/equipment,1
37,male,highly skilled,own,quite rich,none,12749,48,radio/TV,1
22,female,skilled,rent,little,little,1366,9,radio/TV,0
30,male,skilled,rent,little,moderate,2002,12,car,1
55,male,skilled,own,little,little,6872,24,furniture/equipment,0
46,male,skilled,own,little,little,697,12,car,0
21,female,skilled,rent,little,little,1049,18,furniture/equipment,1
39,male,skilled,free,little,little,10297,48,car,0
58,male,skilled,own,none,none,1867,30,radio/TV,1
43,male,unskilled and resident,own,little,little,1344,12,car,1
24,male,unskilled and resident,own,little,little,1747,24,furniture/equipment,1
22,female,skilled,own,little,moderate,1670,9,radio/TV,0
30,male,skilled,own,little,none,1224,9,car,1
42,male,skilled,own,quite rich,none,522,12,radio/TV,1
23,female,skilled,own,little,little,1498,12,radio/TV,1
30,male,highly skilled,own,moderate,moderate,1919,30,radio/TV,0
28,female,unskilled and resident,own,little,rich,745,9,radio/TV,0
30,male,highly skilled,rent,little,moderate,2063,6,radio/TV,1
42,male,skilled,free,little,moderate,6288,60,education,0
46,male,highly skilled,own,none,none,6842,24,car,1
45,male,highly skilled,own,none,none,3527,12,car,1
31,male,unskilled and resident,own,little,none,1546,10,car,1
31,male,skilled,own,none,none,929,24,furniture/equipment,1
42,male,unskilled and resident,own,little,none,1455,4,car,1
46,female,skilled,rent,little,little,1845,15,furniture/equipment,1
30,female,skilled,own,quite rich,moderate,8358,48,car,1
30,male,skilled,free,quite rich,little,3349,24,furniture/equipment,0
38,male,highly skilled,own,none,none,2859,12,car,1
43,male,unskilled and resident,own,little,none,1533,18,furniture/equipment,0
31,male,skilled,own,moderate,none,3621,24,radio/TV,0
40,male,unskilled and non-resident,own,little,moderate,3590,18,business,1
24,male,skilled,own,little,little,2145,36,business,0
28,female,skilled,rent,quite rich,moderate,4113,24,car,0
26,female,highly skilled,own,little,none,10974,36,furniture/equipment,0
29,female,skilled,own,little,little,1893,12,car,1
57,female,highly skilled,rent,rich,little,1231,24,radio/TV,1
49,male,unskilled and resident,own,none,rich,3656,30,radio/TV,1
37,male,unskilled and resident,own,little,moderate,1154,9,radio/TV,1
45,male,unskilled and resident,own,little,little,4006,28,car,0
30,male,skilled,free,moderate,moderate,3069,24,furniture/equipment,1
30,male,skilled,rent,little,none,1740,6,radio/TV,1
47,male,skilled,own,little,moderate,2353,21,car,1
29,male,skilled,own,none,none,3556,15,car,1
35,male,skilled,own,quite rich,none,2397,24,radio/TV,0
22,male,unskilled and resident,own,little,moderate,454,6,repairs,1
26,female,skilled,own,none,moderate,1715,30,radio/TV,1
23,male,unskilled and resident,own,quite rich,moderate,2520,27,radio/TV,0
54,female,highly skilled,rent,little,none,3568,15,radio/TV,1
29,male,skilled,rent,none,none,7166,42,radio/TV,1
40,male,unskilled and resident,own,little,little,3939,11,car,1
22,male,skilled,own,moderate,moderate,1514,15,repairs,1
43,male,unskilled and resident,own,little,none,7393,24,car,1
29,female,unskilled and non-resident,rent,little,little,1193,24,car,0
36,male,skilled,rent,little,little,7297,60,business,0
33,female,skilled,own,little,none,2831,30,radio/TV,1
57,female,unskilled and resident,own,quite rich,rich,1258,24,radio/TV,1
64,female,skilled,own,little,moderate,753,6,radio/TV,1
42,male,skilled,own,none,moderate,2427,18,business,1
47,male,unskilled and resident,own,little,none,2538,24,car,0
25,male,skilled,rent,moderate,moderate,1264,15,car,0
49,male,skilled,own,little,moderate,8386,30,furniture/equipment,0
33,male,highly skilled,rent,little,none,4844,48,business,0
28,female,highly skilled,own,moderate,rich,2923,21,car,1
26,male,skilled,own,little,little,8229,36,car,0
30,male,unskilled and resident,own,little,none,2028,24,furniture/equipment,1
25,female,skilled,rent,little,little,1433,15,furniture/equipment,1
33,male,skilled,own,little,rich,6289,42,business,1
64,female,skilled,own,moderate,none,1409,13,radio/TV,1
29,male,highly skilled,free,little,little,6579,24,car,1
48,male,unskilled and resident,own,little,moderate,1743,24,radio/TV,1
37,male,unskilled and resident,own,none,none,3565,12,education,1
34,male,unskilled and resident,own,moderate,none,1569,15,radio/TV,1
23,male,unskilled and resident,rent,none,little,1936,18,radio/TV,1
30,male,highly skilled,own,little,little,3959,36,furniture/equipment,1
50,male,skilled,own,none,none,2390,12,car,1
31,female,unskilled and resident,own,little,none,1736,12,furniture/equipment,1
40,male,highly skilled,own,little,little,3857,30,car,1
38,male,skilled,own,little,none,804,12,radio/TV,1
23,male,skilled,free,little,little,1845,45,radio/TV,0
27,male,skilled,own,moderate,moderate,4576,45,car,1
